time,temperature,window_open,window_open_time
2018-03-21 14:00:11.945000,15.72,False,0
2018-03-21 14:00:21.993000,15.92,False,0
2018-03-21 14:00:37.063000,15.72,False,0
2018-03-21 14:00:47.113000,15.92,False,0
2018-03-21 14:01:02.183000,15.74,False,0
2018-03-21 14:01:12.218000,15.93,False,0
2018-03-21 14:01:27.288000,15.72,False,0
2018-03-21 14:01:37.326000,15.92,False,0
2018-03-21 14:01:52.406000,15.72,False,0
2018-03-21 14:02:02.448000,15.92,False,0
2018-03-21 14:02:17.518000,15.72,False,0
2018-03-21 14:02:27.557000,15.93,False,0
2018-03-21 14:02:42.627000,15.72,False,0
2018-03-21 14:02:52.677000,15.92,False,0
2018-03-21 14:03:07.749000,15.71,False,0
2018-03-21 14:03:17.799000,15.92,False,0
2018-03-21 14:03:32.861000,15.72,False,0
2018-03-21 14:03:42.921000,15.92,False,0
2018-03-21 14:03:57.047000,15.71,False,0
2018-03-21 14:04:07.297000,15.92,False,0
2018-03-21 14:04:22.681000,15.71,False,0
2018-03-21 14:04:32.931000,15.91,False,0
2018-03-21 14:04:48.208000,15.72,False,0
2018-03-21 14:04:58.268000,15.92,False,0
2018-03-21 14:05:13.327000,15.71,False,0
2018-03-21 14:05:23.387000,15.93,False,0
2018-03-21 14:05:38.443000,15.72,False,0
2018-03-21 14:05:48.503000,15.92,False,0
2018-03-21 14:06:03.563000,15.72,False,0
2018-03-21 14:06:13.613000,15.93,False,0
2018-03-21 14:06:28.682000,15.72,False,0
2018-03-21 14:06:38.731000,15.94,False,0
2018-03-21 14:06:53.801000,15.72,False,0
2018-03-21 14:07:03.852000,15.94,False,0
2018-03-21 14:07:18.921000,15.72,False,0
2018-03-21 14:07:28.961000,15.95,False,0
2018-03-21 14:07:44.030000,15.74,False,0
2018-03-21 14:07:54.080000,15.94,False,0
2018-03-21 14:08:08.180000,15.74,False,0
2018-03-21 14:08:19.200000,15.93,False,0
2018-03-21 14:08:33.810000,15.74,False,0
2018-03-21 14:08:44.060000,15.94,False,0
2018-03-21 14:08:59.391000,15.75,False,0
2018-03-21 14:09:09.441000,15.93,False,0
2018-03-21 14:09:24.514000,15.74,False,0
2018-03-21 14:09:34.564000,15.95,False,0
2018-03-21 14:09:49.626000,15.74,False,0
2018-03-21 14:09:59.676000,15.95,False,0
2018-03-21 14:10:14.741000,15.75,False,0
2018-03-21 14:10:24.787000,15.94,False,0
2018-03-21 14:10:39.857000,15.75,False,0
2018-03-21 14:10:49.908000,15.94,False,0
2018-03-21 14:11:04.978000,15.75,False,0
2018-03-21 14:11:15.028000,15.95,False,0
2018-03-21 14:11:30.096000,15.76,False,0
2018-03-21 14:11:40.136000,15.95,False,0
2018-03-21 14:11:55.226000,15.76,False,0
2018-03-21 14:11:55.226000,15.76,False,0
2018-03-21 14:12:05.236000,15.95,False,0
2018-03-21 14:12:05.236000,15.95,False,0
2018-03-21 14:12:20.336000,15.75,False,0
2018-03-21 14:12:20.336000,15.75,False,0
2018-03-21 14:12:30.383000,15.96,False,0
2018-03-21 14:12:44.953000,15.75,False,0
2018-03-21 14:12:55.203000,15.97,False,0
2018-03-21 14:13:10.573000,15.75,False,0
2018-03-21 14:13:20.633000,15.97,False,0
2018-03-21 14:13:35.703000,15.75,False,0
2018-03-21 14:13:45.242000,15.97,False,0
2018-03-21 14:14:00.822000,15.76,False,0
2018-03-21 14:14:10.870000,15.97,False,0
2018-03-21 14:14:25.230000,15.76,False,0
2018-03-21 14:14:35.990000,15.98,False,0
2018-03-21 14:14:51.046000,15.76,False,0
2018-03-21 14:15:01.096000,15.97,False,0
2018-03-21 14:15:16.156000,15.78,False,0
2018-03-21 14:15:25.246000,15.99,False,0
2018-03-21 14:15:41.276000,15.78,False,0
2018-03-21 14:15:51.339000,15.98,False,0
2018-03-21 14:16:06.409000,15.78,False,0
2018-03-21 14:16:16.459000,15.99,False,0
2018-03-21 14:16:31.527000,15.78,False,0
2018-03-21 14:16:41.577000,16.0,False,0
2018-03-21 14:16:56.637000,15.78,False,0
2018-03-21 14:17:06.689000,15.99,False,0
2018-03-21 14:17:21.749000,15.78,False,0
2018-03-21 14:17:31.808000,16.0,False,0
2018-03-21 14:17:46.868000,15.8,False,0
2018-03-21 14:17:56.918000,16.0,False,0
2018-03-21 14:18:11.995000,15.8,False,0
2018-03-21 14:18:22.045000,16.01,False,0
2018-03-21 14:18:37.118000,15.8,False,0
2018-03-21 14:18:47.168000,16.0,False,0
2018-03-21 14:19:02.228000,15.82,False,0
2018-03-21 14:19:12.286000,16.01,False,0
2018-03-21 14:19:27.346000,15.8,False,0
2018-03-21 14:19:27.346000,15.8,False,0
2018-03-21 14:19:37.406000,16.0,False,0
2018-03-21 14:19:37.406000,16.0,False,0
2018-03-21 14:19:52.464000,15.82,False,0
2018-03-21 14:19:52.464000,15.82,False,0
2018-03-21 14:20:02.514000,16.02,False,0
2018-03-21 14:20:02.514000,16.02,False,0
2018-03-21 14:20:17.584000,15.82,False,0
2018-03-21 14:20:17.584000,15.82,False,0
2018-03-21 14:20:27.636000,16.02,False,0
2018-03-21 14:20:42.706000,15.82,False,0
2018-03-21 14:20:51.853000,16.03,False,0
2018-03-21 14:21:07.233000,15.82,False,0
2018-03-21 14:21:17.480000,16.02,False,0
2018-03-21 14:21:32.870000,15.82,False,0
2018-03-21 14:21:42.975000,16.03,False,0
2018-03-21 14:21:58.045000,15.82,False,0
2018-03-21 14:22:08.096000,16.03,False,0
2018-03-21 14:22:23.166000,15.83,False,0
2018-03-21 14:22:33.218000,16.04,False,0
2018-03-21 14:22:33.218000,16.04,False,0
2018-03-21 14:22:48.288000,15.83,False,0
2018-03-21 14:22:48.288000,15.83,False,0
2018-03-21 14:22:58.326000,16.03,False,0
2018-03-21 14:23:13.396000,15.83,False,0
2018-03-21 14:23:23.442000,16.04,False,0
2018-03-21 14:23:38.512000,15.83,False,0
2018-03-21 14:23:48.553000,16.04,False,0
2018-03-21 14:24:03.623000,15.84,False,0
2018-03-21 14:24:13.677000,16.04,False,0
2018-03-21 14:24:28.747000,15.83,False,0
2018-03-21 14:24:38.795000,16.05,False,0
2018-03-21 14:24:53.875000,15.84,False,0
2018-03-21 14:25:02.991000,16.05,False,0
2018-03-21 14:25:18.981000,15.84,False,0
2018-03-21 14:25:29.023000,16.06,False,0
2018-03-21 14:25:44.093000,15.84,False,0
2018-03-21 14:25:54.146000,16.06,False,0
2018-03-21 14:26:09.206000,15.84,False,0
2018-03-21 14:26:19.256000,16.05,False,0
2018-03-21 14:26:34.326000,15.84,False,0
2018-03-21 14:26:44.376000,16.05,False,0
2018-03-21 14:26:59.444000,15.84,False,0
2018-03-21 14:27:09.494000,16.06,False,0
2018-03-21 14:27:24.564000,15.86,False,0
2018-03-21 14:27:34.610000,16.05,False,0
2018-03-21 14:27:49.680000,15.84,False,0
2018-03-21 14:27:59.730000,16.05,False,0
2018-03-21 14:28:14.790000,15.84,False,0
2018-03-21 14:28:24.842000,16.06,False,0
2018-03-21 14:28:39.912000,15.84,False,0
2018-03-21 14:28:49.962000,16.05,False,0
2018-03-21 14:29:05.028000,15.84,False,0
2018-03-21 14:29:14.138000,16.07,False,0
2018-03-21 14:29:30.149000,15.86,False,0
2018-03-21 14:29:39.769000,16.06,False,0
2018-03-21 14:29:55.139000,15.84,False,0
2018-03-21 14:30:05.309000,16.05,False,0
2018-03-21 14:30:20.375000,15.84,False,0
2018-03-21 14:30:30.415000,16.07,False,0
2018-03-21 14:30:45.337000,15.86,False,0
2018-03-21 14:30:55.537000,16.04,False,0
2018-03-21 14:31:10.615000,15.86,False,0
2018-03-21 14:31:20.655000,16.05,False,0
2018-03-21 14:31:35.724000,15.86,False,0
2018-03-21 14:31:45.324000,16.07,False,0
2018-03-21 14:32:00.841000,15.86,False,0
2018-03-21 14:32:10.891000,16.06,False,0
2018-03-21 14:32:25.329000,15.84,False,0
2018-03-21 14:32:36.009000,16.06,False,0
2018-03-21 14:32:51.087000,15.84,False,0
2018-03-21 14:33:01.127000,16.06,False,0
2018-03-21 14:33:16.208000,15.86,False,0
2018-03-21 14:33:25.338000,16.06,False,0
2018-03-21 14:33:41.328000,15.86,False,0
2018-03-21 14:33:51.375000,16.06,False,0
2018-03-21 14:34:06.445000,15.84,False,0
2018-03-21 14:34:16.495000,16.06,False,0
2018-03-21 14:34:31.564000,15.84,False,0
2018-03-21 14:34:41.614000,16.05,False,0
2018-03-21 14:34:56.670000,15.84,False,0
2018-03-21 14:35:06.720000,16.05,False,0
2018-03-21 14:35:21.790000,15.83,False,0
2018-03-21 14:35:31.850000,16.04,False,0
2018-03-21 14:35:46.910000,15.82,False,0
2018-03-21 14:35:56.960000,16.03,False,0
2018-03-21 14:36:12.029000,15.82,False,0
2018-03-21 14:36:22.079000,16.03,False,0
2018-03-21 14:36:37.152000,15.82,False,0
2018-03-21 14:36:47.202000,16.02,False,0
2018-03-21 14:37:02.268000,15.82,False,0
2018-03-21 14:37:12.318000,16.01,False,0
2018-03-21 14:37:27.378000,15.82,False,0
2018-03-21 14:37:37.433000,16.0,False,0
2018-03-21 14:37:52.493000,15.8,False,0
2018-03-21 14:38:02.043000,16.0,False,0
2018-03-21 14:38:17.602000,15.8,False,0
2018-03-21 14:38:27.662000,16.01,False,0
2018-03-21 14:38:42.722000,15.8,False,0
2018-03-21 14:38:52.773000,15.99,False,0
2018-03-21 14:39:07.843000,15.78,False,0
2018-03-21 14:39:17.893000,16.0,False,0
2018-03-21 14:39:32.962000,15.8,False,0
2018-03-21 14:39:43.022000,15.99,False,0
2018-03-21 14:39:58.090000,15.8,False,0
2018-03-21 14:40:08.140000,15.98,False,0
2018-03-21 14:40:23.198000,15.78,False,0
2018-03-21 14:40:33.288000,15.98,False,0
2018-03-21 14:40:48.358000,15.76,False,0
2018-03-21 14:40:58.407000,15.98,False,0
2018-03-21 14:41:13.477000,15.76,False,0
2018-03-21 14:41:23.527000,15.97,False,0
2018-03-21 14:41:38.586000,15.76,False,0
2018-03-21 14:41:48.646000,15.97,False,0
2018-03-21 14:42:03.706000,15.76,False,0
2018-03-21 14:42:13.756000,15.96,False,0
2018-03-21 14:42:28.830000,15.78,False,0
2018-03-21 14:42:38.870000,15.96,False,0
2018-03-21 14:42:53.940000,15.76,False,0
2018-03-21 14:43:03.990000,15.97,False,0
2018-03-21 14:43:19.058000,15.76,False,0
2018-03-21 14:43:29.118000,15.95,False,0
2018-03-21 14:43:44.175000,15.76,False,0
2018-03-21 14:43:54.225000,15.95,False,0
2018-03-21 14:44:09.289000,15.76,False,0
2018-03-21 14:44:19.339000,15.95,False,0
2018-03-21 14:44:34.417000,15.78,False,0
2018-03-21 14:44:44.457000,15.95,False,0
2018-03-21 14:44:59.528000,15.76,False,0
2018-03-21 14:45:09.578000,15.96,False,0
2018-03-21 14:45:24.658000,15.78,False,0
2018-03-21 14:45:34.697000,15.96,False,0
2018-03-21 14:45:49.767000,15.76,False,0
2018-03-21 14:45:59.815000,15.96,False,0
2018-03-21 14:46:14.065000,15.76,False,0
2018-03-21 14:46:24.945000,15.97,False,0
2018-03-21 14:46:40.002000,15.76,False,0
2018-03-21 14:46:50.062000,15.96,False,0
2018-03-21 14:47:05.130000,15.75,False,0
2018-03-21 14:47:15.180000,15.96,False,0
2018-03-21 14:47:30.250000,15.76,False,0
2018-03-21 14:47:40.286000,15.95,False,0
2018-03-21 14:47:55.366000,15.75,False,0
2018-03-21 14:48:05.376000,15.95,False,0
2018-03-21 14:48:20.487000,15.75,False,0
2018-03-21 14:48:30.527000,15.94,False,0
2018-03-21 14:48:45.397000,15.75,False,0
2018-03-21 14:48:45.397000,15.75,False,0
2018-03-21 14:48:55.657000,15.94,False,0
2018-03-21 14:48:55.657000,15.94,False,0
2018-03-21 14:49:10.717000,15.74,False,0
2018-03-21 14:49:10.717000,15.74,False,0
2018-03-21 14:49:20.761000,15.93,False,0
2018-03-21 14:49:20.761000,15.93,False,0
2018-03-21 14:49:35.831000,15.72,False,0
2018-03-21 14:49:35.831000,15.72,False,0
2018-03-21 14:49:45.401000,15.94,False,0
2018-03-21 14:49:45.401000,15.94,False,0
2018-03-21 14:50:00.944000,15.74,False,0
2018-03-21 14:50:11.004000,15.93,False,0
2018-03-21 14:50:25.401000,15.72,False,0
2018-03-21 14:50:35.431000,15.93,False,0
2018-03-21 14:50:51.181000,15.74,False,0
2018-03-21 14:51:01.056000,15.92,False,0
2018-03-21 14:51:16.296000,15.72,False,0
2018-03-21 14:51:25.386000,15.92,False,0
2018-03-21 14:51:41.403000,15.72,False,0
2018-03-21 14:51:51.483000,15.93,False,0
2018-03-21 14:52:06.536000,15.71,False,0
2018-03-21 14:52:16.596000,15.92,False,0
2018-03-21 14:52:31.668000,15.72,False,0
2018-03-21 14:52:31.668000,15.72,False,0
2018-03-21 14:52:41.718000,15.93,False,0
2018-03-21 14:52:41.718000,15.93,False,0
2018-03-21 14:52:56.798000,15.72,False,0
2018-03-21 14:52:56.798000,15.72,False,0
2018-03-21 14:53:06.832000,15.91,False,0
2018-03-21 14:53:21.912000,15.71,False,0
2018-03-21 14:53:31.962000,15.92,False,0
2018-03-21 14:53:47.031000,15.69,False,0
2018-03-21 14:53:57.081000,15.91,False,0
2018-03-21 14:54:12.152000,15.69,False,0
2018-03-21 14:54:22.202000,15.9,False,0
2018-03-21 14:54:36.342000,15.71,False,0
2018-03-21 14:54:47.320000,15.9,False,0
2018-03-21 14:55:01.960000,15.71,False,0
2018-03-21 14:55:12.430000,15.9,False,0
2018-03-21 14:55:27.506000,15.71,False,0
2018-03-21 14:55:37.546000,15.9,False,0
2018-03-21 14:55:52.623000,15.69,False,0
2018-03-21 14:56:02.663000,15.9,False,0
2018-03-21 14:56:17.743000,15.69,False,0
2018-03-21 14:56:27.783000,15.88,False,0
2018-03-21 14:56:42.858000,15.68,False,0
2018-03-21 14:56:52.898000,15.87,False,0
2018-03-21 14:57:07.971000,15.68,False,0
2018-03-21 14:57:18.011000,15.87,False,0
2018-03-21 14:57:33.091000,15.68,False,0
2018-03-21 14:57:33.091000,15.68,False,0
2018-03-21 14:57:43.121000,15.88,False,0
2018-03-21 14:57:43.121000,15.88,False,0
2018-03-21 14:57:58.202000,15.67,False,0
2018-03-21 14:58:08.242000,15.87,False,0
2018-03-21 14:58:23.320000,15.67,False,0
2018-03-21 14:58:33.360000,15.85,False,0
2018-03-21 14:58:47.470000,15.65,False,0
2018-03-21 14:58:58.463000,15.84,False,0
2018-03-21 14:59:13.093000,15.65,False,0
2018-03-21 14:59:23.583000,15.84,False,0
2018-03-21 14:59:38.664000,15.65,False,0
2018-03-21 14:59:48.704000,15.85,False,0
2018-03-21 15:00:03.784000,15.64,False,0
2018-03-21 15:00:13.815000,15.84,False,0
2018-03-21 15:00:28.895000,15.64,False,0
2018-03-21 15:00:38.931000,15.83,False,0
2018-03-21 15:00:54.011000,15.64,False,0
2018-03-21 15:01:04.061000,15.82,False,0
2018-03-21 15:01:19.132000,15.62,False,0
2018-03-21 15:01:29.182000,15.83,False,0
2018-03-21 15:01:44.259000,15.62,False,0
2018-03-21 15:01:54.299000,15.81,False,0
2018-03-21 15:02:09.366000,15.62,False,0
2018-03-21 15:02:19.406000,15.81,False,0
2018-03-21 15:02:34.486000,15.62,False,0
2018-03-21 15:02:44.526000,15.81,False,0
2018-03-21 15:02:59.594000,15.62,False,0
2018-03-21 15:03:09.644000,15.8,False,0
2018-03-21 15:03:24.712000,15.62,False,0
2018-03-21 15:03:34.762000,15.79,False,0
2018-03-21 15:03:49.833000,15.59,False,0
2018-03-21 15:03:59.873000,15.79,False,0
2018-03-21 15:04:14.953000,15.6,False,0
2018-03-21 15:04:24.989000,15.79,False,0
2018-03-21 15:04:40.079000,15.59,False,0
2018-03-21 15:04:50.115000,15.78,False,0
2018-03-21 15:05:05.185000,15.6,False,0
2018-03-21 15:05:15.225000,15.79,False,0
2018-03-21 15:05:30.294000,15.59,False,0
2018-03-21 15:05:40.334000,15.79,False,0
2018-03-21 15:05:55.414000,15.57,False,0
2018-03-21 15:06:05.414000,15.77,False,0
2018-03-21 15:06:20.534000,15.59,False,0
2018-03-21 15:06:30.574000,15.78,False,0
2018-03-21 15:06:45.415000,15.59,False,0
2018-03-21 15:06:55.695000,15.77,False,0
2018-03-21 15:07:10.766000,15.57,False,0
2018-03-21 15:07:20.806000,15.76,False,0
2018-03-21 15:07:35.886000,15.57,False,0
2018-03-21 15:07:45.436000,15.75,False,0
2018-03-21 15:08:01.003000,15.57,False,0
2018-03-21 15:08:11.043000,15.75,False,0
2018-03-21 15:08:25.433000,15.57,False,0
2018-03-21 15:08:36.150000,15.75,False,0
2018-03-21 15:08:51.230000,15.57,False,0
2018-03-21 15:09:01.280000,15.76,False,0
2018-03-21 15:09:16.348000,15.57,False,0
2018-03-21 15:09:25.428000,15.74,False,0
2018-03-21 15:09:41.468000,15.57,False,0
2018-03-21 15:09:51.518000,15.75,False,0
2018-03-21 15:10:06.587000,15.56,False,0
2018-03-21 15:10:16.627000,15.75,False,0
2018-03-21 15:10:31.705000,15.56,False,0
2018-03-21 15:10:41.745000,15.74,False,0
2018-03-21 15:10:56.825000,15.56,False,0
2018-03-21 15:11:06.872000,15.75,False,0
2018-03-21 15:11:21.942000,15.56,False,0
2018-03-21 15:11:31.989000,15.75,False,0
2018-03-21 15:11:47.059000,15.56,False,0
2018-03-21 15:11:57.109000,15.74,False,0
2018-03-21 15:12:12.179000,15.56,False,0
2018-03-21 15:12:22.219000,15.75,False,0
2018-03-21 15:12:37.299000,15.56,False,0
2018-03-21 15:12:47.338000,15.75,False,0
2018-03-21 15:13:02.408000,15.56,False,0
2018-03-21 15:13:12.448000,15.75,False,0
2018-03-21 15:13:27.525000,15.54,False,0
2018-03-21 15:13:37.565000,15.75,False,0
2018-03-21 15:13:52.644000,15.56,False,0
2018-03-21 15:14:02.684000,15.76,False,0
2018-03-21 15:14:17.756000,15.54,False,0
2018-03-21 15:14:27.806000,15.75,False,0
2018-03-21 15:14:42.876000,15.56,False,0
2018-03-21 15:14:52.924000,15.75,False,0
2018-03-21 15:15:07.994000,15.56,False,0
2018-03-21 15:15:18.044000,15.76,False,0
2018-03-21 15:15:33.149000,15.56,False,0
2018-03-21 15:15:43.199000,15.76,False,0
2018-03-21 15:15:58.273000,15.56,False,0
2018-03-21 15:16:08.323000,15.75,False,0
2018-03-21 15:16:23.404000,15.56,False,0
2018-03-21 15:16:33.434000,15.76,False,0
2018-03-21 15:16:48.514000,15.56,False,0
2018-03-21 15:16:58.549000,15.75,False,0
2018-03-21 15:17:13.629000,15.56,False,0
2018-03-21 15:17:23.668000,15.75,False,0
2018-03-21 15:17:38.738000,15.54,False,0
2018-03-21 15:17:48.775000,15.75,False,0
2018-03-21 15:18:03.855000,15.56,False,0
2018-03-21 15:18:13.905000,15.75,False,0
2018-03-21 15:18:28.975000,15.57,False,0
2018-03-21 15:18:39.011000,15.75,False,0
2018-03-21 15:18:54.090000,15.56,False,0
2018-03-21 15:19:04.130000,15.75,False,0
2018-03-21 15:19:19.217000,15.59,False,0
2018-03-21 15:19:29.257000,15.76,False,0
2018-03-21 15:19:44.333000,15.59,False,0
2018-03-21 15:19:54.373000,15.78,False,0
2018-03-21 15:20:08.790000,15.6,False,0
2018-03-21 15:20:19.480000,15.79,False,0
2018-03-21 15:20:34.555000,15.62,False,0
2018-03-21 15:20:44.605000,15.78,False,0
2018-03-21 15:20:59.675000,15.64,False,0
2018-03-21 15:21:09.727000,15.81,False,0
2018-03-21 15:21:24.797000,15.62,False,0
2018-03-21 15:21:34.847000,15.8,False,0
2018-03-21 15:21:49.915000,15.62,False,0
2018-03-21 15:21:59.965000,15.8,False,0
2018-03-21 15:22:15.025000,15.62,False,0
2018-03-21 15:22:25.084000,15.8,False,0
2018-03-21 15:22:40.154000,15.6,False,0
2018-03-21 15:22:50.191000,15.79,False,0
2018-03-21 15:23:05.261000,15.62,False,0
2018-03-21 15:23:15.311000,15.79,False,0
2018-03-21 15:23:30.381000,15.62,False,0
2018-03-21 15:23:40.431000,15.79,False,0
2018-03-21 15:23:55.501000,15.59,False,0
2018-03-21 15:24:04.568000,15.79,False,0
2018-03-21 15:24:20.618000,15.6,False,0
2018-03-21 15:24:30.188000,15.77,False,0
2018-03-21 15:24:45.745000,15.59,False,0
2018-03-21 15:24:55.785000,15.78,False,0
2018-03-21 15:25:10.865000,15.59,False,0
2018-03-21 15:25:20.905000,15.76,False,0
2018-03-21 15:25:35.985000,15.57,False,0
2018-03-21 15:25:45.475000,15.76,False,0
2018-03-21 15:26:01.100000,15.57,False,0
2018-03-21 15:26:11.150000,15.77,False,0
2018-03-21 15:26:25.480000,15.56,False,0
2018-03-21 15:26:36.261000,15.75,False,0
2018-03-21 15:26:51.341000,15.54,False,0
2018-03-21 15:27:01.385000,15.75,False,0
2018-03-21 15:27:16.465000,15.56,False,0
2018-03-21 15:27:26.517000,15.74,False,0
2018-03-21 15:27:41.587000,15.54,False,0
2018-03-21 15:27:51.630000,15.74,False,0
2018-03-21 15:28:06.700000,15.54,False,0
2018-03-21 15:28:16.750000,15.73,False,0
2018-03-21 15:28:31.810000,15.54,False,0
2018-03-21 15:28:41.860000,15.73,False,0
2018-03-21 15:28:56.932000,15.54,False,0
2018-03-21 15:29:06.972000,15.72,False,0
2018-03-21 15:29:22.051000,15.53,False,0
2018-03-21 15:29:32.101000,15.72,False,0
2018-03-21 15:29:47.177000,15.53,False,0
2018-03-21 15:29:57.217000,15.71,False,0
2018-03-21 15:30:12.287000,15.53,False,0
2018-03-21 15:30:22.334000,15.71,False,0
2018-03-21 15:30:37.404000,15.51,False,0
2018-03-21 15:30:47.437000,15.69,False,0
2018-03-21 15:31:02.517000,15.53,False,0
2018-03-21 15:31:12.568000,15.71,False,0
2018-03-21 15:31:27.628000,15.53,False,0
2018-03-21 15:31:37.678000,15.7,False,0
2018-03-21 15:31:52.747000,15.51,False,0
2018-03-21 15:32:02.807000,15.71,False,0
2018-03-21 15:32:17.867000,15.51,False,0
2018-03-21 15:32:27.918000,15.69,False,0
2018-03-21 15:32:42.978000,15.51,False,0
2018-03-21 15:32:53.038000,15.69,False,0
2018-03-21 15:33:08.108000,15.5,False,0
2018-03-21 15:33:18.153000,15.69,False,0
2018-03-21 15:33:33.213000,15.5,False,0
2018-03-21 15:33:43.263000,15.69,False,0
2018-03-21 15:33:58.344000,15.5,False,0
2018-03-21 15:34:08.394000,15.68,False,0
2018-03-21 15:34:23.459000,15.5,False,0
2018-03-21 15:34:33.509000,15.69,False,0
2018-03-21 15:34:48.579000,15.5,False,0
2018-03-21 15:34:58.623000,15.68,False,0
2018-03-21 15:35:13.703000,15.49,False,0
2018-03-21 15:35:23.743000,15.68,False,0
2018-03-21 15:35:38.826000,15.5,False,0
2018-03-21 15:35:48.876000,15.67,False,0
2018-03-21 15:36:03.946000,15.5,False,0
2018-03-21 15:36:13.989000,15.67,False,0
2018-03-21 15:36:29.069000,15.49,False,0
2018-03-21 15:36:39.104000,15.67,False,0
2018-03-21 15:36:53.364000,15.49,False,0
2018-03-21 15:37:04.214000,15.67,False,0
2018-03-21 15:37:18.988000,15.5,False,0
2018-03-21 15:37:29.338000,15.67,False,0
2018-03-21 15:37:44.408000,15.46,False,0
2018-03-21 15:37:54.460000,15.67,False,0
2018-03-21 15:38:09.540000,15.49,False,0
2018-03-21 15:38:19.580000,15.69,False,0
2018-03-21 15:38:34.651000,15.46,False,0
2018-03-21 15:38:44.701000,15.67,False,0
2018-03-21 15:38:59.772000,15.49,False,0
2018-03-21 15:39:09.822000,15.68,False,0
2018-03-21 15:39:24.882000,15.49,False,0
2018-03-21 15:39:34.937000,15.68,False,0
2018-03-21 15:39:50.007000,15.49,False,0
2018-03-21 15:40:00.057000,15.68,False,0
2018-03-21 15:40:15.124000,15.49,False,0
2018-03-21 15:40:25.174000,15.67,False,0
2018-03-21 15:40:40.244000,15.5,False,0
2018-03-21 15:40:50.294000,15.68,False,0
2018-03-21 15:41:05.364000,15.46,False,0
2018-03-21 15:41:15.414000,15.68,False,0
2018-03-21 15:41:30.138000,15.5,False,0
2018-03-21 15:41:40.528000,15.69,False,0
2018-03-21 15:41:55.598000,15.5,False,0
2018-03-21 15:42:05.551000,15.68,False,0
2018-03-21 15:42:20.711000,15.5,False,0
2018-03-21 15:42:30.771000,15.69,False,0
2018-03-21 15:42:45.559000,15.5,False,0
2018-03-21 15:42:55.889000,15.68,False,0
2018-03-21 15:43:10.958000,15.5,False,0
2018-03-21 15:43:20.998000,15.69,False,0
2018-03-21 15:43:36.068000,15.49,False,0
2018-03-21 15:43:45.558000,15.67,False,0
2018-03-21 15:44:01.182000,15.5,False,0
2018-03-21 15:44:11.232000,15.69,False,0
2018-03-21 15:44:26.294000,15.49,False,0
2018-03-21 15:44:26.294000,15.49,False,0
2018-03-21 15:44:36.344000,15.68,False,0
2018-03-21 15:44:36.344000,15.68,False,0
2018-03-21 15:44:51.414000,15.5,False,0
2018-03-21 15:44:51.414000,15.5,False,0
2018-03-21 15:45:01.474000,15.69,False,0
2018-03-21 15:45:01.474000,15.69,False,0
2018-03-21 15:45:16.550000,15.5,False,0
2018-03-21 15:45:26.600000,15.69,False,0
2018-03-21 15:45:41.659000,15.5,False,0
2018-03-21 15:45:51.709000,15.69,False,0
2018-03-21 15:46:06.779000,15.51,False,0
2018-03-21 15:46:16.817000,15.71,False,0
2018-03-21 15:46:31.897000,15.5,False,0
2018-03-21 15:46:41.937000,15.71,False,0
2018-03-21 15:46:57.012000,15.5,False,0
2018-03-21 15:46:57.012000,15.5,False,0
2018-03-21 15:47:07.062000,15.71,False,0
2018-03-21 15:47:07.062000,15.71,False,0
2018-03-21 15:47:22.152000,15.51,False,0
2018-03-21 15:47:22.152000,15.51,False,0
2018-03-21 15:47:32.192000,15.73,False,0
2018-03-21 15:47:47.262000,15.51,False,0
2018-03-21 15:47:57.312000,15.72,False,0
2018-03-21 15:48:12.382000,15.53,False,0
2018-03-21 15:48:22.432000,15.72,False,0
2018-03-21 15:48:37.507000,15.51,False,0
2018-03-21 15:48:47.557000,15.72,False,0
2018-03-21 15:49:02.627000,15.51,False,0
2018-03-21 15:49:12.670000,15.73,False,0
2018-03-21 15:49:26.760000,15.51,False,0
2018-03-21 15:49:37.780000,15.73,False,0
2018-03-21 15:49:52.842000,15.54,False,0
2018-03-21 15:50:02.892000,15.73,False,0
2018-03-21 15:50:17.962000,15.53,False,0
2018-03-21 15:50:28.002000,15.73,False,0
2018-03-21 15:50:43.078000,15.53,False,0
2018-03-21 15:50:53.128000,15.74,False,0
2018-03-21 15:51:08.198000,15.53,False,0
2018-03-21 15:51:18.244000,15.74,False,0
2018-03-21 15:51:33.314000,15.53,False,0
2018-03-21 15:51:43.354000,15.74,False,0
2018-03-21 15:51:58.432000,15.54,False,0
2018-03-21 15:52:08.482000,15.76,False,0
2018-03-21 15:52:23.557000,15.56,False,0
2018-03-21 15:52:23.557000,15.56,False,0
2018-03-21 15:52:33.607000,15.76,False,0
2018-03-21 15:52:33.607000,15.76,False,0
2018-03-21 15:52:48.677000,15.53,False,0
2018-03-21 15:52:48.677000,15.53,False,0
2018-03-21 15:52:58.709000,15.75,False,0
2018-03-21 15:53:13.779000,15.54,False,0
2018-03-21 15:53:23.829000,15.76,False,0
2018-03-21 15:53:38.897000,15.54,False,0
2018-03-21 15:53:48.147000,15.77,False,0
2018-03-21 15:54:03.517000,15.56,False,0
2018-03-21 15:54:14.074000,15.76,False,0
2018-03-21 15:54:29.144000,15.56,False,0
2018-03-21 15:54:39.184000,15.77,False,0
2018-03-21 15:54:54.260000,15.54,False,0
2018-03-21 15:55:04.310000,15.76,False,0
2018-03-21 15:55:19.380000,15.56,False,0
2018-03-21 15:55:29.419000,15.78,False,0
2018-03-21 15:55:44.499000,15.54,False,0
2018-03-21 15:55:54.549000,15.77,False,0
2018-03-21 15:56:09.619000,15.56,False,0
2018-03-21 15:56:19.669000,15.77,False,0
2018-03-21 15:56:34.749000,15.56,False,0
2018-03-21 15:56:44.792000,15.77,False,0
2018-03-21 15:56:59.872000,15.56,False,0
2018-03-21 15:57:09.909000,15.77,False,0
2018-03-21 15:57:24.989000,15.56,False,0
2018-03-21 15:57:35.039000,15.77,False,0
2018-03-21 15:57:50.103000,15.56,False,0
2018-03-21 15:58:00.143000,15.79,False,0
2018-03-21 15:58:14.663000,15.56,False,0
2018-03-21 15:58:25.268000,15.78,False,0
2018-03-21 15:58:40.288000,15.56,False,0
2018-03-21 15:58:50.388000,15.78,False,0
2018-03-21 15:59:05.458000,15.57,False,0
2018-03-21 15:59:15.498000,15.78,False,0
2018-03-21 15:59:30.568000,15.57,False,0
2018-03-21 15:59:40.618000,15.78,False,0
2018-03-21 15:59:55.677000,15.57,False,0
2018-03-21 16:00:05.647000,15.78,False,0
2018-03-21 16:00:20.807000,15.57,False,0
2018-03-21 16:00:30.856000,15.78,False,0
2018-03-21 16:00:45.646000,15.57,False,0
2018-03-21 16:00:55.976000,15.79,False,0
2018-03-21 16:01:11.042000,15.56,False,0
2018-03-21 16:01:21.092000,15.79,False,0
2018-03-21 16:01:36.172000,15.57,False,0
2018-03-21 16:01:46.212000,15.78,False,0
2018-03-21 16:02:01.282000,15.57,False,0
2018-03-21 16:02:11.332000,15.78,False,0
2018-03-21 16:02:26.398000,15.57,False,0
2018-03-21 16:02:36.448000,15.78,False,0
2018-03-21 16:02:51.508000,15.57,False,0
2018-03-21 16:03:01.558000,15.77,False,0
2018-03-21 16:03:16.636000,15.57,False,0
2018-03-21 16:03:26.686000,15.78,False,0
2018-03-21 16:03:41.746000,15.57,False,0
2018-03-21 16:03:51.805000,15.78,False,0
2018-03-21 16:04:06.875000,15.57,False,0
2018-03-21 16:04:16.928000,15.77,False,0
2018-03-21 16:04:31.988000,15.57,False,0
2018-03-21 16:04:42.038000,15.77,False,0
2018-03-21 16:04:57.104000,15.57,False,0
2018-03-21 16:05:07.154000,15.78,False,0
2018-03-21 16:05:22.224000,15.57,False,0
2018-03-21 16:05:32.266000,15.78,False,0
2018-03-21 16:05:47.346000,15.57,False,0
2018-03-21 16:05:57.396000,15.77,False,0
2018-03-21 16:06:12.463000,15.57,False,0
2018-03-21 16:06:22.513000,15.77,False,0
2018-03-21 16:06:36.963000,15.56,False,0
2018-03-21 16:06:47.630000,15.77,False,0
2018-03-21 16:07:02.590000,15.57,False,0
2018-03-21 16:07:12.750000,15.76,False,0
2018-03-21 16:07:27.816000,15.57,False,0
2018-03-21 16:07:37.866000,15.77,False,0
2018-03-21 16:07:52.936000,15.56,False,0
2018-03-21 16:08:02.976000,15.77,False,0
2018-03-21 16:08:18.060000,15.57,False,0
2018-03-21 16:08:28.100000,15.77,False,0
2018-03-21 16:08:43.177000,15.57,False,0
2018-03-21 16:08:53.227000,15.76,False,0
2018-03-21 16:09:08.294000,15.57,False,0
2018-03-21 16:09:18.334000,15.77,False,0
2018-03-21 16:09:33.414000,15.57,False,0
2018-03-21 16:09:43.464000,15.77,False,0
2018-03-21 16:09:58.533000,15.59,False,0
2018-03-21 16:10:08.573000,15.77,False,0
2018-03-21 16:10:23.651000,15.57,False,0
2018-03-21 16:10:33.701000,15.77,False,0
2018-03-21 16:10:48.761000,15.57,False,0
2018-03-21 16:10:58.819000,15.77,False,0
2018-03-21 16:11:13.899000,15.57,False,0
2018-03-21 16:11:23.949000,15.78,False,0
2018-03-21 16:11:39.014000,15.57,False,0
2018-03-21 16:11:49.064000,15.78,False,0
2018-03-21 16:12:04.137000,15.57,False,0
2018-03-21 16:12:14.187000,15.79,False,0
2018-03-21 16:12:29.257000,15.57,False,0
2018-03-21 16:12:39.297000,15.78,False,0
2018-03-21 16:12:54.377000,15.59,False,0
2018-03-21 16:13:04.427000,15.78,False,0
2018-03-21 16:13:19.491000,15.57,False,0
2018-03-21 16:13:29.531000,15.77,False,0
2018-03-21 16:13:44.599000,15.59,False,0
2018-03-21 16:13:54.649000,15.77,False,0
2018-03-21 16:14:09.722000,15.59,False,0
2018-03-21 16:14:19.772000,15.78,False,0
2018-03-21 16:14:34.842000,15.59,False,0
2018-03-21 16:14:44.885000,15.77,False,0
2018-03-21 16:14:59.955000,15.57,False,0
2018-03-21 16:15:10.015000,15.78,False,0
2018-03-21 16:15:25.087000,15.57,False,0
2018-03-21 16:15:35.137000,15.78,False,0
2018-03-21 16:15:50.207000,15.57,False,0
2018-03-21 16:16:00.256000,15.79,False,0
2018-03-21 16:16:15.316000,15.59,False,0
2018-03-21 16:16:25.386000,15.79,False,0
2018-03-21 16:16:40.446000,15.59,False,0
2018-03-21 16:16:50.496000,15.78,False,0
2018-03-21 16:17:05.556000,15.59,False,0
2018-03-21 16:17:15.624000,15.79,False,0
2018-03-21 16:17:30.674000,15.59,False,0
2018-03-21 16:17:40.728000,15.79,False,0
2018-03-21 16:17:55.788000,15.6,False,0
2018-03-21 16:18:05.728000,15.79,False,0
2018-03-21 16:18:20.896000,15.6,False,0
2018-03-21 16:18:30.976000,15.8,False,0
2018-03-21 16:18:45.736000,15.6,False,0
2018-03-21 16:18:56.092000,15.8,False,0
2018-03-21 16:19:11.142000,15.59,False,0
2018-03-21 16:19:20.642000,15.8,False,0
2018-03-21 16:19:36.258000,15.59,False,0
2018-03-21 16:19:45.728000,15.8,False,0
2018-03-21 16:20:01.388000,15.59,False,0
2018-03-21 16:20:11.456000,15.79,False,0
2018-03-21 16:20:11.456000,15.79,False,0
2018-03-21 16:20:25.736000,15.6,False,0
2018-03-21 16:20:25.736000,15.6,False,0
2018-03-21 16:20:36.576000,15.8,False,0
2018-03-21 16:20:36.576000,15.8,False,0
2018-03-21 16:20:51.607000,15.59,False,0
2018-03-21 16:21:01.687000,15.81,False,0
2018-03-21 16:21:16.741000,15.6,False,0
2018-03-21 16:21:26.801000,15.81,False,0
2018-03-21 16:21:41.861000,15.6,False,0
2018-03-21 16:21:51.929000,15.8,False,0
2018-03-21 16:22:06.969000,15.6,False,0
2018-03-21 16:22:17.049000,15.8,False,0
2018-03-21 16:22:32.102000,15.6,False,0
2018-03-21 16:22:42.172000,15.81,False,0
2018-03-21 16:22:57.220000,15.6,False,0
2018-03-21 16:23:07.280000,15.81,False,0
2018-03-21 16:23:22.340000,15.6,False,0
2018-03-21 16:23:32.404000,15.8,False,0
2018-03-21 16:23:47.454000,15.59,False,0
2018-03-21 16:23:57.519000,15.8,False,0
2018-03-21 16:24:12.569000,15.6,False,0
2018-03-21 16:24:22.629000,15.8,False,0
2018-03-21 16:24:37.681000,15.6,False,0
2018-03-21 16:24:47.751000,15.8,False,0
2018-03-21 16:25:02.802000,15.62,False,0
2018-03-21 16:25:12.862000,15.8,False,0
2018-03-21 16:25:27.917000,15.6,False,0
2018-03-21 16:25:37.977000,15.8,False,0
2018-03-21 16:25:53.027000,15.62,False,0
2018-03-21 16:26:03.097000,15.8,False,0
2018-03-21 16:26:18.146000,15.6,False,0
2018-03-21 16:26:28.216000,15.81,False,0
2018-03-21 16:26:43.267000,15.6,False,0
2018-03-21 16:26:53.337000,15.81,False,0
2018-03-21 16:27:08.385000,15.62,False,0
2018-03-21 16:27:18.455000,15.81,False,0
2018-03-21 16:27:32.665000,15.6,False,0
2018-03-21 16:27:43.575000,15.81,False,0
2018-03-21 16:27:58.288000,15.6,False,0
2018-03-21 16:28:08.688000,15.81,False,0
2018-03-21 16:28:23.748000,15.6,False,0
2018-03-21 16:28:33.808000,15.83,False,0
2018-03-21 16:28:48.868000,15.6,False,0
2018-03-21 16:28:58.938000,15.83,False,0
2018-03-21 16:29:13.988000,15.62,False,0
2018-03-21 16:29:24.048000,15.81,False,0
2018-03-21 16:29:39.102000,15.62,False,0
2018-03-21 16:29:49.172000,15.83,False,0
2018-03-21 16:30:04.222000,15.62,False,0
2018-03-21 16:30:14.297000,15.81,False,0
2018-03-21 16:30:29.337000,15.6,False,0
2018-03-21 16:30:39.413000,15.82,False,0
2018-03-21 16:30:54.463000,15.62,False,0
2018-03-21 16:31:04.533000,15.81,False,0
2018-03-21 16:31:19.568000,15.62,False,0
2018-03-21 16:31:29.638000,15.82,False,0
2018-03-21 16:31:44.699000,15.6,False,0
2018-03-21 16:31:54.759000,15.81,False,0
2018-03-21 16:32:09.809000,15.6,False,0
2018-03-21 16:32:19.891000,15.81,False,0
2018-03-21 16:32:34.941000,15.6,False,0
2018-03-21 16:32:45.011000,15.81,False,0
2018-03-21 16:33:00.055000,15.62,False,0
2018-03-21 16:33:10.125000,15.81,False,0
2018-03-21 16:33:25.175000,15.62,False,0
2018-03-21 16:33:35.245000,15.81,False,0
2018-03-21 16:33:50.295000,15.62,False,0
2018-03-21 16:34:00.355000,15.81,False,0
2018-03-21 16:34:15.425000,15.62,False,0
2018-03-21 16:34:25.475000,15.81,False,0
2018-03-21 16:34:40.545000,15.6,False,0
2018-03-21 16:34:50.595000,15.81,False,0
2018-03-21 16:35:05.665000,15.62,False,0
2018-03-21 16:35:15.710000,15.82,False,0
2018-03-21 16:35:30.770000,15.6,False,0
2018-03-21 16:35:40.820000,15.81,False,0
2018-03-21 16:35:55.887000,15.6,False,0
2018-03-21 16:36:05.737000,15.81,False,0
2018-03-21 16:36:21.013000,15.62,False,0
2018-03-21 16:36:31.063000,15.83,False,0
2018-03-21 16:36:45.783000,15.6,False,0
2018-03-21 16:36:56.173000,15.8,False,0
2018-03-21 16:37:11.231000,15.62,False,0
2018-03-21 16:37:21.281000,15.83,False,0
2018-03-21 16:37:36.353000,15.62,False,0
2018-03-21 16:37:45.773000,15.84,False,0
2018-03-21 16:38:01.486000,15.62,False,0
2018-03-21 16:38:11.526000,15.83,False,0
2018-03-21 16:38:25.787000,15.62,False,0
2018-03-21 16:38:36.647000,15.83,False,0
2018-03-21 16:38:51.721000,15.62,False,0
2018-03-21 16:39:01.771000,15.82,False,0
2018-03-21 16:39:16.833000,15.64,False,0
2018-03-21 16:39:26.883000,15.83,False,0
2018-03-21 16:39:41.953000,15.62,False,0
2018-03-21 16:39:51.996000,15.84,False,0
2018-03-21 16:40:07.076000,15.62,False,0
2018-03-21 16:40:17.120000,15.82,False,0
2018-03-21 16:40:32.190000,15.62,False,0
2018-03-21 16:40:42.222000,15.81,False,0
2018-03-21 16:40:57.312000,15.62,False,0
2018-03-21 16:41:07.342000,15.81,False,0
2018-03-21 16:41:22.422000,15.6,False,0
2018-03-21 16:41:32.459000,15.81,False,0
2018-03-21 16:41:47.539000,15.6,False,0
2018-03-21 16:41:57.597000,15.81,False,0
2018-03-21 16:42:12.654000,15.59,False,0
2018-03-21 16:42:22.714000,15.79,False,0
2018-03-21 16:42:37.818000,15.59,False,0
2018-03-21 16:42:47.868000,15.79,False,0
2018-03-21 16:43:02.928000,15.57,False,0
2018-03-21 16:43:12.987000,15.78,False,0
2018-03-21 16:43:28.047000,15.57,False,0
2018-03-21 16:43:38.106000,15.77,False,0
2018-03-21 16:43:53.166000,15.57,False,0
2018-03-21 16:44:03.217000,15.77,False,0
2018-03-21 16:44:18.277000,15.56,False,0
2018-03-21 16:44:27.453000,15.75,False,0
2018-03-21 16:44:42.833000,15.56,False,0
2018-03-21 16:44:53.454000,15.77,False,0
2018-03-21 16:45:08.454000,15.56,False,0
2018-03-21 16:45:18.564000,15.74,False,0
2018-03-21 16:45:33.635000,15.56,False,0
2018-03-21 16:45:33.635000,15.56,False,0
2018-03-21 16:45:43.685000,15.74,False,0
2018-03-21 16:45:43.685000,15.74,False,0
2018-03-21 16:45:58.749000,15.54,False,0
2018-03-21 16:46:08.789000,15.73,False,0
2018-03-21 16:46:23.869000,15.53,False,0
2018-03-21 16:46:33.910000,15.72,False,0
2018-03-21 16:46:48.990000,15.54,False,0
2018-03-21 16:46:59.029000,15.72,False,0
2018-03-21 16:47:14.099000,15.51,False,0
2018-03-21 16:47:24.132000,15.71,False,0
2018-03-21 16:47:39.212000,15.53,False,0
2018-03-21 16:47:49.264000,15.71,False,0
2018-03-21 16:48:04.334000,15.51,False,0
2018-03-21 16:48:14.374000,15.69,False,0
2018-03-21 16:48:29.443000,15.5,False,0
2018-03-21 16:48:39.493000,15.71,False,0
2018-03-21 16:48:54.560000,15.5,False,0
2018-03-21 16:49:04.610000,15.69,False,0
2018-03-21 16:49:19.690000,15.5,False,0
2018-03-21 16:49:29.730000,15.69,False,0
2018-03-21 16:49:44.808000,15.5,False,0
2018-03-21 16:49:54.858000,15.68,False,0
2018-03-21 16:50:09.918000,15.49,False,0
2018-03-21 16:50:19.977000,15.68,False,0
2018-03-21 16:50:35.037000,15.49,False,0
2018-03-21 16:50:45.087000,15.67,False,0
2018-03-21 16:51:00.156000,15.49,False,0
2018-03-21 16:51:00.156000,15.49,False,0
2018-03-21 16:51:10.216000,15.66,False,0
2018-03-21 16:51:10.216000,15.66,False,0
2018-03-21 16:51:25.264000,15.46,False,0
2018-03-21 16:51:35.324000,15.65,False,0
2018-03-21 16:51:50.384000,15.49,False,0
2018-03-21 16:52:00.431000,15.65,False,0
2018-03-21 16:52:15.491000,15.45,False,0
2018-03-21 16:52:25.551000,15.65,False,0
2018-03-21 16:52:40.638000,15.46,False,0
2018-03-21 16:52:50.678000,15.65,False,0
2018-03-21 16:53:05.741000,15.45,False,0
2018-03-21 16:53:15.781000,15.63,False,0
2018-03-21 16:53:30.861000,15.45,False,0
2018-03-21 16:53:40.895000,15.64,False,0
2018-03-21 16:53:55.975000,15.43,False,0
2018-03-21 16:54:05.845000,15.63,False,0
2018-03-21 16:54:21.084000,15.43,False,0
2018-03-21 16:54:31.124000,15.63,False,0
2018-03-21 16:54:45.844000,15.43,False,0
2018-03-21 16:54:56.254000,15.63,False,0
2018-03-21 16:55:11.326000,15.43,False,0
2018-03-21 16:55:21.376000,15.63,False,0
2018-03-21 16:55:36.444000,15.42,False,0
2018-03-21 16:55:45.844000,15.63,False,0
2018-03-21 16:56:01.570000,15.43,False,0
2018-03-21 16:56:11.620000,15.63,False,0
2018-03-21 16:56:26.687000,15.42,False,0
2018-03-21 16:56:36.737000,15.62,False,0
2018-03-21 16:56:51.791000,15.4,False,0
2018-03-21 16:57:01.841000,15.62,False,0
2018-03-21 16:57:16.907000,15.4,False,0
2018-03-21 16:57:26.957000,15.6,False,0
2018-03-21 16:57:42.021000,15.4,False,0
2018-03-21 16:57:52.081000,15.6,False,0
2018-03-21 16:58:07.151000,15.38,False,0
2018-03-21 16:58:17.188000,15.61,False,0
2018-03-21 16:58:32.248000,15.4,False,0
2018-03-21 16:58:42.307000,15.6,False,0
2018-03-21 16:58:57.367000,15.4,False,0
2018-03-21 16:59:07.420000,15.59,False,0
2018-03-21 16:59:22.490000,15.38,False,0
2018-03-21 16:59:32.530000,15.58,False,0
2018-03-21 16:59:47.600000,15.38,False,0
2018-03-21 16:59:57.650000,15.58,False,0
2018-03-21 17:00:12.720000,15.38,False,0
2018-03-21 17:00:22.770000,15.57,False,0
2018-03-21 17:00:37.853000,15.38,False,0
2018-03-21 17:00:47.893000,15.58,False,0
2018-03-21 17:01:02.972000,15.37,False,0
2018-03-21 17:01:13.009000,15.57,False,0
2018-03-21 17:01:28.089000,15.37,False,0
2018-03-21 17:01:38.129000,15.56,False,0
2018-03-21 17:01:53.207000,15.37,False,0
2018-03-21 17:02:03.247000,15.56,False,0
2018-03-21 17:02:18.318000,15.37,False,0
2018-03-21 17:02:28.378000,15.55,False,0
2018-03-21 17:02:43.444000,15.35,False,0
2018-03-21 17:02:53.494000,15.55,False,0
2018-03-21 17:03:08.564000,15.35,False,0
2018-03-21 17:03:18.615000,15.55,False,0
2018-03-21 17:03:33.681000,15.34,False,0
2018-03-21 17:03:43.731000,15.55,False,0
2018-03-21 17:03:58.801000,15.34,False,0
2018-03-21 17:04:08.851000,15.55,False,0
2018-03-21 17:04:23.921000,15.35,False,0
2018-03-21 17:04:33.970000,15.55,False,0
2018-03-21 17:04:49.040000,15.34,False,0
2018-03-21 17:04:59.100000,15.54,False,0
2018-03-21 17:05:14.160000,15.33,False,0
2018-03-21 17:05:24.215000,15.54,False,0
2018-03-21 17:05:39.285000,15.34,False,0
2018-03-21 17:05:48.765000,15.54,False,0
2018-03-21 17:06:04.138000,15.33,False,0
2018-03-21 17:06:14.388000,15.52,False,0
2018-03-21 17:06:29.535000,15.34,False,0
2018-03-21 17:06:39.585000,15.52,False,0
2018-03-21 17:06:54.655000,15.33,False,0
2018-03-21 17:07:04.704000,15.52,False,0
2018-03-21 17:07:19.784000,15.31,False,0
2018-03-21 17:07:29.822000,15.53,False,0
2018-03-21 17:07:44.892000,15.31,False,0
2018-03-21 17:07:54.942000,15.51,False,0
2018-03-21 17:08:10.009000,15.31,False,0
2018-03-21 17:08:20.049000,15.51,False,0
2018-03-21 17:08:35.134000,15.33,False,0
2018-03-21 17:08:45.174000,15.52,False,0
2018-03-21 17:09:00.241000,15.33,False,0
2018-03-21 17:09:00.241000,15.33,False,0
2018-03-21 17:09:10.301000,15.51,False,0
2018-03-21 17:09:10.301000,15.51,False,0
2018-03-21 17:09:25.371000,15.31,False,0
2018-03-21 17:09:25.371000,15.31,False,0
2018-03-21 17:09:35.416000,15.51,False,0
2018-03-21 17:09:50.486000,15.31,False,0
2018-03-21 17:10:00.536000,15.5,False,0
2018-03-21 17:10:15.309000,15.31,False,0
2018-03-21 17:10:25.659000,15.5,False,0
2018-03-21 17:10:40.729000,15.3,False,0
2018-03-21 17:10:50.777000,15.5,False,0
2018-03-21 17:11:05.857000,15.3,False,0
2018-03-21 17:11:15.897000,15.5,False,0
2018-03-21 17:11:30.961000,15.3,False,0
2018-03-21 17:11:41.011000,15.49,False,0
2018-03-21 17:11:56.079000,15.3,False,0
2018-03-21 17:12:05.879000,15.49,False,0
2018-03-21 17:12:21.199000,15.3,False,0
2018-03-21 17:12:31.245000,15.48,False,0
2018-03-21 17:12:45.895000,15.28,False,0
2018-03-21 17:12:56.377000,15.49,False,0
2018-03-21 17:13:11.437000,15.28,False,0
2018-03-21 17:13:21.487000,15.49,False,0
2018-03-21 17:13:36.549000,15.28,False,0
2018-03-21 17:13:45.899000,15.48,False,0
2018-03-21 17:14:01.679000,15.3,False,0
2018-03-21 17:14:11.713000,15.47,False,0
2018-03-21 17:14:25.883000,15.28,False,0
2018-03-21 17:14:36.832000,15.47,False,0
2018-03-21 17:14:51.912000,15.28,False,0
2018-03-21 17:15:01.962000,15.46,False,0
2018-03-21 17:15:17.023000,15.28,False,0
2018-03-21 17:15:27.083000,15.47,False,0
2018-03-21 17:15:42.141000,15.28,False,0
2018-03-21 17:15:52.191000,15.47,False,0
2018-03-21 17:16:07.259000,15.28,False,0
2018-03-21 17:16:17.309000,15.47,False,0
2018-03-21 17:16:32.389000,15.27,False,0
2018-03-21 17:16:42.433000,15.47,False,0
2018-03-21 17:16:57.493000,15.27,False,0
2018-03-21 17:17:07.546000,15.47,False,0
2018-03-21 17:17:22.616000,15.27,False,0
2018-03-21 17:17:32.668000,15.45,False,0
2018-03-21 17:17:47.738000,15.27,False,0
2018-03-21 17:17:57.788000,15.46,False,0
2018-03-21 17:18:12.857000,15.27,False,0
2018-03-21 17:18:22.907000,15.46,False,0
2018-03-21 17:18:37.971000,15.27,False,0
2018-03-21 17:18:48.021000,15.45,False,0
2018-03-21 17:19:03.082000,15.26,False,0
2018-03-21 17:19:13.132000,15.44,False,0
2018-03-21 17:19:28.209000,15.27,False,0
2018-03-21 17:19:28.209000,15.27,False,0
2018-03-21 17:19:38.249000,15.44,False,0
2018-03-21 17:19:38.249000,15.44,False,0
2018-03-21 17:19:53.333000,15.26,False,0
2018-03-21 17:20:03.373000,15.44,False,0
2018-03-21 17:20:18.453000,15.26,False,0
2018-03-21 17:20:28.497000,15.43,False,0
2018-03-21 17:20:43.577000,15.27,False,0
2018-03-21 17:20:53.617000,15.44,False,0
2018-03-21 17:21:08.697000,15.26,False,0
2018-03-21 17:21:18.747000,15.44,False,0
2018-03-21 17:21:33.807000,15.26,False,0
2018-03-21 17:21:43.869000,15.43,False,0
2018-03-21 17:21:58.929000,15.26,False,0
2018-03-21 17:22:08.974000,15.44,False,0
2018-03-21 17:22:24.044000,15.24,False,0
2018-03-21 17:22:34.094000,15.42,False,0
2018-03-21 17:22:49.169000,15.24,False,0
2018-03-21 17:22:49.169000,15.24,False,0
2018-03-21 17:22:59.209000,15.42,False,0
2018-03-21 17:22:59.209000,15.42,False,0
2018-03-21 17:23:14.288000,15.24,False,0
2018-03-21 17:23:24.328000,15.43,False,0
2018-03-21 17:23:39.398000,15.22,False,0
2018-03-21 17:23:49.449000,15.43,False,0
2018-03-21 17:24:04.519000,15.24,False,0
2018-03-21 17:24:14.569000,15.42,False,0
2018-03-21 17:24:29.639000,15.24,False,0
2018-03-21 17:24:39.679000,15.43,False,0
2018-03-21 17:24:54.752000,15.22,False,0
2018-03-21 17:25:04.792000,15.42,False,0
2018-03-21 17:25:19.864000,15.22,False,0
2018-03-21 17:25:29.914000,15.4,False,0
2018-03-21 17:25:44.980000,15.22,False,0
2018-03-21 17:25:55.020000,15.41,False,0
2018-03-21 17:26:10.100000,15.22,False,0
2018-03-21 17:26:20.140000,15.4,False,0
2018-03-21 17:26:35.210000,15.22,False,0
2018-03-21 17:26:45.261000,15.41,False,0
2018-03-21 17:27:00.331000,15.22,False,0
2018-03-21 17:27:10.381000,15.42,False,0
2018-03-21 17:27:25.448000,15.2,False,0
2018-03-21 17:27:35.488000,15.41,False,0
2018-03-21 17:27:50.558000,15.22,False,0
2018-03-21 17:28:00.605000,15.42,False,0
2018-03-21 17:28:15.685000,15.22,False,0
2018-03-21 17:28:25.725000,15.4,False,0
2018-03-21 17:28:40.794000,15.2,False,0
2018-03-21 17:28:50.834000,15.4,False,0
2018-03-21 17:29:05.911000,15.22,False,0
2018-03-21 17:29:15.951000,15.4,False,0
2018-03-21 17:29:31.031000,15.2,False,0
2018-03-21 17:29:41.072000,15.4,False,0
2018-03-21 17:29:56.142000,15.22,False,0
2018-03-21 17:30:05.922000,15.39,False,0
2018-03-21 17:30:21.259000,15.2,False,0
2018-03-21 17:30:31.299000,15.39,False,0
2018-03-21 17:30:45.925000,15.19,False,0
2018-03-21 17:30:56.415000,15.4,False,0
2018-03-21 17:31:11.485000,15.22,False,0
2018-03-21 17:31:21.527000,15.39,False,0
2018-03-21 17:31:36.607000,15.2,False,0
2018-03-21 17:31:46.646000,15.38,False,0
2018-03-21 17:32:01.726000,15.19,False,0
2018-03-21 17:32:11.766000,15.39,False,0
2018-03-21 17:32:25.935000,15.19,False,0
2018-03-21 17:32:36.885000,15.38,False,0
2018-03-21 17:32:51.965000,15.2,False,0
2018-03-21 17:33:02.007000,15.38,False,0
2018-03-21 17:33:17.087000,15.19,False,0
2018-03-21 17:33:27.121000,15.38,False,0
2018-03-21 17:33:42.201000,15.19,False,0
2018-03-21 17:33:52.231000,15.37,False,0
2018-03-21 17:34:07.310000,15.19,False,0
2018-03-21 17:34:17.350000,15.39,False,0
2018-03-21 17:34:32.426000,15.2,False,0
2018-03-21 17:34:42.466000,15.38,False,0
2018-03-21 17:34:57.536000,15.19,False,0
2018-03-21 17:35:07.576000,15.38,False,0
2018-03-21 17:35:22.656000,15.19,False,0
2018-03-21 17:35:32.693000,15.39,False,0
2018-03-21 17:35:47.773000,15.19,False,0
2018-03-21 17:35:57.815000,15.37,False,0
2018-03-21 17:36:12.895000,15.19,False,0
2018-03-21 17:36:22.925000,15.38,False,0
2018-03-21 17:36:38.018000,15.19,False,0
2018-03-21 17:36:48.058000,15.37,False,0
2018-03-21 17:37:03.122000,15.19,False,0
2018-03-21 17:37:13.162000,15.37,False,0
2018-03-21 17:37:28.242000,15.19,False,0
2018-03-21 17:37:38.280000,15.37,False,0
2018-03-21 17:37:53.360000,15.19,False,0
2018-03-21 17:38:03.407000,15.38,False,0
2018-03-21 17:38:18.477000,15.18,False,0
2018-03-21 17:38:28.525000,15.38,False,0
2018-03-21 17:38:43.595000,15.19,False,0
2018-03-21 17:38:53.645000,15.38,False,0
2018-03-21 17:39:08.714000,15.19,False,0
2018-03-21 17:39:17.894000,15.36,False,0
2018-03-21 17:39:33.278000,15.19,False,0
2018-03-21 17:39:43.888000,15.37,False,0
2018-03-21 17:39:58.948000,15.18,False,0
2018-03-21 17:40:09.008000,15.36,False,0
2018-03-21 17:40:24.068000,15.19,False,0
2018-03-21 17:40:34.123000,15.36,False,0
2018-03-21 17:40:49.203000,15.18,False,0
2018-03-21 17:40:59.238000,15.37,False,0
2018-03-21 17:41:14.318000,15.19,False,0
2018-03-21 17:41:24.368000,15.37,False,0
2018-03-21 17:41:39.440000,15.18,False,0
2018-03-21 17:41:49.490000,15.38,False,0
2018-03-21 17:42:04.557000,15.18,False,0
2018-03-21 17:42:14.607000,15.36,False,0
2018-03-21 17:42:29.674000,15.18,False,0
2018-03-21 17:42:39.724000,15.35,False,0
2018-03-21 17:42:54.792000,15.18,False,0
2018-03-21 17:43:04.842000,15.35,False,0
2018-03-21 17:43:19.904000,15.18,False,0
2018-03-21 17:43:29.954000,15.37,False,0
2018-03-21 17:43:44.424000,15.18,False,0
2018-03-21 17:43:55.082000,15.37,False,0
2018-03-21 17:44:10.052000,15.16,False,0
2018-03-21 17:44:20.212000,15.37,False,0
2018-03-21 17:44:35.270000,15.18,False,0
2018-03-21 17:44:45.330000,15.36,False,0
2018-03-21 17:45:00.380000,15.18,False,0
2018-03-21 17:45:10.440000,15.36,False,0
2018-03-21 17:45:25.500000,15.16,False,0
2018-03-21 17:45:35.560000,15.36,False,0
2018-03-21 17:45:50.628000,15.18,False,0
2018-03-21 17:46:00.668000,15.35,False,0
2018-03-21 17:46:15.737000,15.16,False,0
2018-03-21 17:46:25.797000,15.35,False,0
2018-03-21 17:46:40.857000,15.15,False,0
2018-03-21 17:46:50.913000,15.35,False,0
2018-03-21 17:47:05.973000,15.15,False,0
2018-03-21 17:47:16.023000,15.35,False,0
2018-03-21 17:47:31.092000,15.16,False,0
2018-03-21 17:47:41.142000,15.35,False,0
2018-03-21 17:47:56.212000,15.16,False,0
2018-03-21 17:47:56.212000,15.16,False,0
2018-03-21 17:48:06.032000,15.35,False,0
2018-03-21 17:48:06.032000,15.35,False,0
2018-03-21 17:48:21.332000,15.16,False,0
2018-03-21 17:48:21.332000,15.16,False,0
2018-03-21 17:48:31.368000,15.35,False,0
2018-03-21 17:48:46.028000,15.15,False,0
2018-03-21 17:48:56.488000,15.34,False,0
2018-03-21 17:49:11.560000,15.16,False,0
2018-03-21 17:49:11.560000,15.16,False,0
2018-03-21 17:49:21.600000,15.34,False,0
2018-03-21 17:49:21.600000,15.34,False,0
2018-03-21 17:49:36.680000,15.16,False,0
2018-03-21 17:49:36.680000,15.16,False,0
2018-03-21 17:49:46.031000,15.34,False,0
2018-03-21 17:50:01.801000,15.15,False,0
2018-03-21 17:50:11.841000,15.34,False,0
2018-03-21 17:50:26.033000,15.16,False,0
2018-03-21 17:50:36.943000,15.35,False,0
2018-03-21 17:50:52.021000,15.16,False,0
2018-03-21 17:51:02.061000,15.34,False,0
2018-03-21 17:51:17.131000,15.15,False,0
2018-03-21 17:51:27.179000,15.34,False,0
2018-03-21 17:51:42.249000,15.16,False,0
2018-03-21 17:51:52.311000,15.35,False,0
2018-03-21 17:52:07.391000,15.15,False,0
2018-03-21 17:52:17.441000,15.34,False,0
2018-03-21 17:52:32.518000,15.15,False,0
2018-03-21 17:52:42.568000,15.34,False,0
2018-03-21 17:52:57.657000,15.15,False,0
2018-03-21 17:52:57.657000,15.15,False,0
2018-03-21 17:53:07.707000,15.34,False,0
2018-03-21 17:53:07.707000,15.34,False,0
2018-03-21 17:53:22.777000,15.13,False,0
2018-03-21 17:53:22.777000,15.13,False,0
2018-03-21 17:53:32.826000,15.34,False,0
2018-03-21 17:53:47.896000,15.15,False,0
2018-03-21 17:53:57.945000,15.34,False,0
2018-03-21 17:54:13.015000,15.15,False,0
2018-03-21 17:54:23.065000,15.33,False,0
2018-03-21 17:54:38.131000,15.15,False,0
2018-03-21 17:54:48.171000,15.35,False,0
2018-03-21 17:55:03.244000,15.15,False,0
2018-03-21 17:55:13.304000,15.33,False,0
2018-03-21 17:55:28.371000,15.15,False,0
2018-03-21 17:55:38.421000,15.34,False,0
2018-03-21 17:55:53.481000,15.15,False,0
2018-03-21 17:56:03.532000,15.34,False,0
2018-03-21 17:56:18.612000,15.13,False,0
2018-03-21 17:56:28.090000,15.34,False,0
2018-03-21 17:56:43.720000,15.13,False,0
2018-03-21 17:56:53.730000,15.32,False,0
2018-03-21 17:57:08.833000,15.13,False,0
2018-03-21 17:57:18.883000,15.33,False,0
2018-03-21 17:57:33.949000,15.13,False,0
2018-03-21 17:57:44.009000,15.32,False,0
2018-03-21 17:57:59.069000,15.13,False,0
2018-03-21 17:58:09.126000,15.33,False,0
2018-03-21 17:58:24.186000,15.13,False,0
2018-03-21 17:58:34.233000,15.33,False,0
2018-03-21 17:58:49.293000,15.13,False,0
2018-03-21 17:58:59.353000,15.33,False,0
2018-03-21 17:59:14.410000,15.15,False,0
2018-03-21 17:59:24.470000,15.34,False,0
2018-03-21 17:59:39.532000,15.15,False,0
2018-03-21 17:59:49.582000,15.33,False,0
